code,name,symbol
sz159998,计算机ETF,159998.SZ
sz159997,电子ETF,159997.SZ
sz159996,家电ETF国泰,159996.SZ
sz159995,芯片ETF,159995.SZ
sz159994,通信ETF银华,159994.SZ
sz159993,证券ETF鹏华,159993.SZ
sz159992,创新药ETF,159992.SZ
sz159991,创业板大盘ETF招商,159991.SZ
sz159985,豆粕ETF,159985.SZ
sz159982,中证500ETF鹏华,159982.SZ
sz159981,能源化工ETF建信,159981.SZ
sz159980,有色ETF大成,159980.SZ
sz159977,创业板ETF天弘,159977.SZ
sz159976,湾创ETF工银,159976.SZ
sz159975,深100ETF招商,159975.SZ
sz159974,央企创新ETF富国,159974.SZ
sz159973,民企ETF弘毅远方,159973.SZ
sz159972,5年地债ETF,159972.SZ
sz159971,创业板ETF富国,159971.SZ
sz159970,深100ETF工银,159970.SZ
sz159968,中证500ETF博时,159968.SZ
sz159967,创业板成长ETF,159967.SZ
sz159966,创业板价值ETF,159966.SZ
sz159965,央视50ETF国联,159965.SZ
sz159964,创业板ETF平安,159964.SZ
sz159961,深100ETF方正富邦,159961.SZ
sz159960,恒生中国企业ETF平安,159960.SZ
sz159959,央企ETF银华,159959.SZ
sz159958,创业板ETF工银,159958.SZ
sz159957,创业板ETF华夏,159957.SZ
sz159956,创业板ETF建信,159956.SZ
sz159954,恒生中国企业ETF南方,159954.SZ
sz159952,创业板ETF广发,159952.SZ
sz159949,创业板50ETF华安,159949.SZ
sz159948,创业板ETF南方,159948.SZ
sz159945,能源ETF广发,159945.SZ
sz159944,材料ETF广发,159944.SZ
sz159943,深证成指ETF大成,159943.SZ
sz159941,纳指ETF广发,159941.SZ
sz159940,金融地产ETF广发,159940.SZ
sz159939,信息技术ETF广发,159939.SZ
sz159938,医药ETF广发,159938.SZ
sz159937,黄金ETF博时,159937.SZ
sz159936,可选消费ETF广发,159936.SZ
sz159935,中证500ETF景顺,159935.SZ
sz159934,黄金ETF易方达,159934.SZ
sz159933,金融地产ETF国投瑞银,159933.SZ
sz159931,金融ETF,159931.SZ
sz159930,能源ETF,159930.SZ
sz159929,医药ETF,159929.SZ
sz159928,消费ETF,159928.SZ
sz159925,沪深300ETF南方,159925.SZ
sz159923,中证A100ETF大成,159923.SZ
sz159922,中证500ETF嘉实,159922.SZ
sz159920,恒生ETF,159920.SZ
sz159919,沪深300ETF嘉实,159919.SZ
sz159918,中创400ETF嘉实,159918.SZ
sz159916,基本面ETF建信,159916.SZ
sz159915,创业板ETF易方达,159915.SZ
sz159913,深价值ETF交银,159913.SZ
sz159912,深300ETF汇添富,159912.SZ
sz159910,基本面120ETF嘉实,159910.SZ
sz159909,TMT50ETF招商,159909.SZ
sz159908,创业板ETF博时,159908.SZ
sz159907,国证2000ETF广发,159907.SZ
sz159906,深成长ETF大成,159906.SZ
sz159905,红利ETF工银,159905.SZ
sz159903,深成ETF南方,159903.SZ
sz159902,中小100ETF华夏,159902.SZ
sz159901,深证100ETF易方达,159901.SZ
sz159899,软件ETF招商,159899.SZ
sz159898,医疗器械ETF招商,159898.SZ
sz159896,物联网ETF南方,159896.SZ
sz159895,物联网ETF易方达,159895.SZ
sz159892,恒生医药ETF华夏,159892.SZ
sz159891,医疗ETF建信,159891.SZ
sz159890,云计算ETF招商,159890.SZ
sz159889,智能汽车ETF国泰,159889.SZ
sz159888,智能汽车ETF华夏,159888.SZ
sz159887,银行ETF富国,159887.SZ
sz159886,机械ETF富国,159886.SZ
sz159885,碳中和ETF鹏华,159885.SZ
sz159883,医疗器械ETF永赢,159883.SZ
sz159881,有色金属ETF国泰,159881.SZ
sz159880,有色ETF鹏华,159880.SZ
sz159877,医疗ETF南方,159877.SZ
sz159876,有色ETF华宝,159876.SZ
sz159875,新能源ETF嘉实,159875.SZ
sz159873,医疗设备ETF,159873.SZ
sz159872,智能网联汽车ETF,159872.SZ
sz159871,有色ETF银华,159871.SZ
sz159870,化工ETF,159870.SZ
sz159869,游戏ETF,159869.SZ
sz159867,畜牧ETF,159867.SZ
sz159866,日经ETF工银,159866.SZ
sz159865,养殖ETF国泰,159865.SZ
sz159864,光伏ETF国泰,159864.SZ
sz159863,光伏ETF鹏华,159863.SZ
sz159862,食品饮料ETF银华,159862.SZ
sz159861,碳中和50ETF国泰,159861.SZ
sz159859,生物医药ETF,159859.SZ
sz159858,创新药ETF南方,159858.SZ
sz159857,光伏ETF,159857.SZ
sz159856,互联网龙头ETF工银,159856.SZ
sz159855,影视ETF,159855.SZ
sz159852,软件ETF嘉实,159852.SZ
sz159851,金融科技ETF,159851.SZ
sz159850,恒生国企ETF,159850.SZ
sz159849,生物科技ETF招商,159849.SZ
sz159848,证券ETF国联安,159848.SZ
sz159847,医疗ETF易方达,159847.SZ
sz159845,中证1000ETF,159845.SZ
sz159843,食品饮料ETF招商,159843.SZ
sz159842,券商ETF,159842.SZ
sz159841,证券ETF,159841.SZ
sz159840,锂电池ETF工银,159840.SZ
sz159839,生物医药ETF汇添富,159839.SZ
sz159838,医药50ETF博时,159838.SZ
sz159837,生物科技ETF易方达,159837.SZ
sz159836,创业板300ETF天弘,159836.SZ
sz159835,创新药ETF建信,159835.SZ
sz159834,金ETF南方,159834.SZ
sz159831,金ETF嘉实,159831.SZ
sz159830,上海金ETF,159830.SZ
sz159828,医疗ETF国泰,159828.SZ
sz159827,农业ETF银华,159827.SZ
sz159825,农业ETF富国,159825.SZ
sz159824,新能源车ETF博时,159824.SZ
sz159822,新经济ETF银华,159822.SZ
sz159821,创业板ETF中银证券,159821.SZ
sz159820,中证500ETF天弘,159820.SZ
sz159819,人工智能ETF易方达,159819.SZ
sz159816,0-4地债ETF,159816.SZ
sz159814,创业大盘ETF西部利得,159814.SZ
sz159813,半导体ETF,159813.SZ
sz159812,黄金ETF前海开源,159812.SZ
sz159811,5GETF博时,159811.SZ
sz159810,创业板ETF浦银,159810.SZ
sz159808,创100ETF融通,159808.SZ
sz159807,科技ETF易方达,159807.SZ
sz159806,新能源车ETF国泰,159806.SZ
sz159805,传媒ETF,159805.SZ
sz159804,创中盘88ETF国寿,159804.SZ
sz159801,芯片ETF广发,159801.SZ
sz159800,中证800ETF鹏华,159800.SZ
sz159798,消费ETF易方达,159798.SZ
sz159797,医疗器械ETF汇添富,159797.SZ
sz159796,电池ETF汇添富,159796.SZ
sz159795,智能汽车ETF汇添富,159795.SZ
sz159793,线上消费ETF平安,159793.SZ
sz159792,港股通互联网ETF富国,159792.SZ
sz159791,300ESGETF华夏,159791.SZ
sz159790,碳中和ETF华夏,159790.SZ
sz159788,港股通100ETF易方达,159788.SZ
sz159787,建材ETF易方达,159787.SZ
sz159786,VRETF,159786.SZ
sz159783,科创创业50ETF华夏,159783.SZ
sz159782,双创50ETF,159782.SZ
sz159781,科创创业ETF易方达,159781.SZ
sz159780,科创创业50ETF南方,159780.SZ
sz159779,消费电子ETF招商,159779.SZ
sz159778,工业互联网ETF鹏华,159778.SZ
sz159777,创科技ETF,159777.SZ
sz159776,港股医药ETF银华,159776.SZ
sz159775,电池ETF建信,159775.SZ
sz159773,创业板科技ETF华泰柏瑞,159773.SZ
sz159770,机器人ETF,159770.SZ
sz159768,房地产ETF银华,159768.SZ
sz159767,电池龙头ETF兴银,159767.SZ
sz159766,旅游ETF富国,159766.SZ
sz159763,新材料ETF建信,159763.SZ
sz159761,新材料ETF国泰,159761.SZ
sz159760,医疗健康ETF泰康,159760.SZ
sz159758,红利质量ETF,159758.SZ
sz159757,电池ETF景顺,159757.SZ
sz159755,电池ETF广发,159755.SZ
sz159752,新能源ETF申万菱信,159752.SZ
sz159751,港股通科技ETF鹏华,159751.SZ
sz159750,港股科技50ETF招商,159750.SZ
sz159748,创新药ETF富国,159748.SZ
sz159747,香港科技ETF南方,159747.SZ
sz159745,建材ETF国泰,159745.SZ
sz159743,湖北ETF博时,159743.SZ
sz159742,恒生科技ETF博时,159742.SZ
sz159741,恒生科技ETF嘉实,159741.SZ
sz159740,恒生科技ETF大成,159740.SZ
sz159739,云计算ETF鹏华,159739.SZ
sz159738,云计算ETF华泰柏瑞,159738.SZ
sz159736,食品饮料ETF天弘,159736.SZ
sz159735,港股消费ETF银华,159735.SZ
sz159732,消费电子ETF,159732.SZ
sz159731,石化ETF,159731.SZ
sz159730,家电ETF博时,159730.SZ
sz159729,互联网ETF汇添富,159729.SZ
sz159728,在线消费ETF南方,159728.SZ
sz159726,港股通高股息ETF华夏,159726.SZ
sz159725,线上消费ETF工银,159725.SZ
sz159723,科技龙头ETF汇添富,159723.SZ
sz159721,深证100ETF永赢,159721.SZ
sz159720,智能车ETF泰康,159720.SZ
sz159719,国企ETF平安,159719.SZ
sz159718,港股医药ETF平安,159718.SZ
sz159717,ESGETF,159717.SZ
sz159716,深证100ETF华宝,159716.SZ
sz159715,稀土ETF易方达,159715.SZ
sz159713,稀土ETF富国,159713.SZ
sz159712,港股通50ETF国泰,159712.SZ
sz159711,港股通50ETF华夏,159711.SZ
sz159709,物联网ETF工银,159709.SZ
sz159708,红利ETF西部利得,159708.SZ
sz159707,地产ETF,159707.SZ
sz159706,深证100ETF华安,159706.SZ
sz159703,新材料ETF,159703.SZ
sz159701,物联网ETF招商,159701.SZ
sz159700,科创债ETF南方,159700.SZ
sz159699,恒生消费ETF广发,159699.SZ
sz159698,粮食ETF,159698.SZ
sz159697,石油ETF鹏华,159697.SZ
sz159696,纳指ETF易方达,159696.SZ
sz159695,通信ETF嘉实,159695.SZ
sz159692,证券ETF东财,159692.SZ
sz159691,港股红利ETF工银,159691.SZ
sz159690,有色矿业ETF招商,159690.SZ
sz159689,消费ETF南方,159689.SZ
sz159688,恒生互联网ETF华安,159688.SZ
sz159687,亚太精选ETF南方,159687.SZ
sz159686,A100ETF易方达,159686.SZ
sz159685,1000增强ETF天弘,159685.SZ
sz159682,创业板50ETF景顺,159682.SZ
sz159681,创50ETF,159681.SZ
sz159680,中证1000增强ETF招商,159680.SZ
sz159679,中证1000增强ETF国泰,159679.SZ
sz159678,500增强ETF博时,159678.SZ
sz159677,中证1000增强ETF银华,159677.SZ
sz159676,创业板增强ETF富国,159676.SZ
sz159675,创业板增强ETF嘉实,159675.SZ
sz159673,沪深300ETF鹏华,159673.SZ
sz159672,消费ETF博时,159672.SZ
sz159671,稀有金属ETF工银,159671.SZ
sz159670,消费50ETF国联安,159670.SZ
sz159669,绿色电力ETF国泰,159669.SZ
sz159667,工业母机ETF国泰,159667.SZ
sz159666,交通运输ETF,159666.SZ
sz159665,半导体龙头ETF工银,159665.SZ
sz159663,机床ETF,159663.SZ
sz159662,交运ETF南方,159662.SZ
sz159661,A100ETF嘉实,159661.SZ
sz159660,纳指ETF汇添富,159660.SZ
sz159659,纳斯达克100ETF招商,159659.SZ
sz159658,数字经济ETF华安,159658.SZ
sz159657,疫苗ETF鹏华,159657.SZ
sz159656,沪深300成长ETF万家,159656.SZ
sz159655,标普500ETF华夏,159655.SZ
sz159653,ESG300ETF,159653.SZ
sz159652,有色ETF汇添富,159652.SZ
sz159651,国开债ETF平安,159651.SZ
sz159650,国开债ETF博时,159650.SZ
sz159649,国开债ETF华安,159649.SZ
sz159647,中药ETF,159647.SZ
sz159645,疫苗ETF富国,159645.SZ
sz159643,疫苗ETF国泰,159643.SZ
sz159642,碳中和ETF大成,159642.SZ
sz159641,碳中和ETF招商,159641.SZ
sz159640,碳中和龙头ETF工银,159640.SZ
sz159639,碳中和ETF南方,159639.SZ
sz159638,高端装备ETF嘉实,159638.SZ
sz159637,新能源车ETF东财,159637.SZ
sz159636,港股通科技30ETF工银,159636.SZ
sz159635,基建ETF华夏,159635.SZ
sz159633,中证1000ETF易方达,159633.SZ
sz159632,纳斯达克ETF华安,159632.SZ
sz159631,A100ETF招商,159631.SZ
sz159630,A100ETF汇添富,159630.SZ
sz159629,中证1000ETF富国,159629.SZ
sz159628,国证2000ETF万家,159628.SZ
sz159627,A100ETF华夏,159627.SZ
sz159625,绿色电力ETF嘉实,159625.SZ
sz159623,成渝经济圈ETF博时,159623.SZ
sz159622,创新药ETF东财,159622.SZ
sz159621,ESGETF国泰,159621.SZ
sz159620,中证500成长ETF华夏,159620.SZ
sz159619,基建ETF国泰,159619.SZ
sz159618,光伏ETF华安,159618.SZ
sz159617,中证500价值ETF华夏,159617.SZ
sz159616,农牧ETF建信,159616.SZ
sz159615,恒生生物科技ETF南方,159615.SZ
sz159613,信息安全ETF嘉实,159613.SZ
sz159612,标普500ETF国泰,159612.SZ
sz159611,电力ETF广发,159611.SZ
sz159610,500ETF增强,159610.SZ
sz159609,光伏ETF浦银,159609.SZ
sz159608,稀有金属ETF广发,159608.SZ
sz159607,中概互联网ETF嘉实,159607.SZ
sz159606,中证500成长ETF易方达,159606.SZ
sz159605,中概互联ETF广发,159605.SZ
sz159603,双创龙头ETF,159603.SZ
sz159602,中国A50ETF南方,159602.SZ
sz159601,A50ETF,159601.SZ
sz159600,科创债ETF嘉实,159600.SZ
sz159599,芯片ETF东财,159599.SZ
sz159597,创业板成长ETF易方达,159597.SZ
sz159596,A50ETF华宝,159596.SZ
sz159595,中证A50ETF大成,159595.SZ
sz159593,中证A50ETF平安,159593.SZ
sz159592,A50ETF基金,159592.SZ
sz159591,A50ETF富国,159591.SZ
sz159590,软件ETF汇添富,159590.SZ
sz159589,红利ETF广发,159589.SZ
sz159588,石油ETF景顺,159588.SZ
sz159587,粮食ETF广发,159587.SZ
sz159586,计算机ETF南方,159586.SZ
sz159583,通信ETF富国,159583.SZ
sz159582,半导体ETF博时,159582.SZ
sz159581,红利ETF万家,159581.SZ
sz159578,深证主板50ETF南方,159578.SZ
sz159577,美国50ETF汇添富,159577.SZ
sz159576,深证100ETF广发,159576.SZ
sz159575,创业板200ETF银华,159575.SZ
sz159573,创业板200ETF华夏,159573.SZ
sz159572,创业板200ETF易方达,159572.SZ
sz159571,创业板200ETF富国,159571.SZ
sz159570,港股通创新药ETF,159570.SZ
sz159569,港股红利低波ETF景顺,159569.SZ
sz159568,港股互联网ETF博时,159568.SZ
sz159567,港股创新药ETF,159567.SZ
sz159566,储能电池ETF易方达,159566.SZ
sz159565,汽车零部件ETF易方达,159565.SZ
sz159563,创业板综ETF华夏,159563.SZ
sz159562,黄金股ETF,159562.SZ
sz159561,德国ETF嘉实,159561.SZ
sz159560,芯片ETF景顺,159560.SZ
sz159559,机器人50ETF,159559.SZ
sz159558,半导体设备ETF易方达,159558.SZ
sz159557,恒生医疗ETF嘉实,159557.SZ
sz159556,中证2000增强ETF平安,159556.SZ
sz159555,中证2000增强ETF银华,159555.SZ
sz159553,中证2000增强ETF海富通,159553.SZ
sz159552,中证2000增强ETF招商,159552.SZ
sz159551,机器人ETF国泰,159551.SZ
sz159550,互联网ETF东财,159550.SZ
sz159549,红利低波ETF天弘,159549.SZ
sz159547,红利低波ETF华夏,159547.SZ
sz159546,集成电路ETF国泰,159546.SZ
sz159545,恒生红利低波ETF易方达,159545.SZ
sz159543,国证2000ETF工银,159543.SZ
sz159542,工程机械ETF大成,159542.SZ
sz159541,创业板综ETF万家,159541.SZ
sz159540,信创ETF易方达,159540.SZ
sz159539,信创ETF广发,159539.SZ
sz159538,信创ETF富国,159538.SZ
sz159537,信创ETF国泰,159537.SZ
sz159536,中证2000ETF汇添富,159536.SZ
sz159535,中证2000ETF嘉实,159535.SZ
sz159533,中证2000ETF博时,159533.SZ
sz159532,中证2000ETF易方达,159532.SZ
sz159531,中证2000ETF南方,159531.SZ
sz159530,机器人ETF易方达,159530.SZ
sz159529,标普消费ETF,159529.SZ
sz159528,国企改革ETF富国,159528.SZ
sz159527,云计算ETF广发,159527.SZ
sz159526,机器人ETF嘉实,159526.SZ
sz159525,红利低波ETF富国,159525.SZ
sz159523,沪深300成长ETF华夏,159523.SZ
sz159521,国证2000ETF平安,159521.SZ
sz159520,消费龙头ETF工银,159520.SZ
sz159519,港股国企ETF国泰,159519.SZ
sz159518,标普油气ETF嘉实,159518.SZ
sz159517,中证800增强ETF银华,159517.SZ
sz159516,半导体设备ETF国泰,159516.SZ
sz159515,国企红利ETF鹏扬,159515.SZ
sz159513,纳斯达克100ETF大成,159513.SZ
sz159512,汽车ETF广发,159512.SZ
sz159511,通信ETF南方,159511.SZ
sz159510,沪深300价值ETF华夏,159510.SZ
sz159509,纳指科技ETF景顺,159509.SZ
sz159508,生物医药ETF华安,159508.SZ
sz159507,通信ETF广发,159507.SZ
sz159506,港股通医疗ETF富国,159506.SZ
sz159505,国证2000ETF博时,159505.SZ
sz159502,标普生物科技ETF嘉实,159502.SZ
sz159501,纳指ETF嘉实,159501.SZ
sz159500,中证500ETF富国,159500.SZ
sz159400,科创债ETF景顺,159400.SZ
sz159399,现金流ETF国泰,159399.SZ
sz159398,信用债ETF天弘,159398.SZ
sz159397,信用债ETF广发,159397.SZ
sz159396,信用债ETF博时,159396.SZ
sz159395,信用债ETF大成,159395.SZ
sz159393,沪深300ETF万家,159393.SZ
sz159392,航空ETF富国,159392.SZ
sz159391,大盘价值ETF博时,159391.SZ
sz159390,中证A50ETF国联,159390.SZ
sz159389,数字经济ETF嘉实,159389.SZ
sz159388,创业板人工智能ETF国泰,159388.SZ
sz159387,创业板新能源ETF国泰,159387.SZ
sz159386,A500ETF永赢,159386.SZ
sz159385,数字经济ETF富国,159385.SZ
sz159383,创业板50ETF华泰柏瑞,159383.SZ
sz159382,创业板人工智能ETF南方,159382.SZ
sz159381,创业板人工智能ETF华夏,159381.SZ
sz159380,A500ETF东财,159380.SZ
sz159379,A500ETF融通,159379.SZ
sz159378,通用航空ETF永赢,159378.SZ
sz159377,创业板医药ETF国泰,159377.SZ
sz159376,A500ETF浦银,159376.SZ
sz159375,创业板50ETF国泰,159375.SZ
sz159373,创业板50ETF嘉实,159373.SZ
sz159372,创业板50ETF万家,159372.SZ
sz159371,创业板50ETF富国,159371.SZ
sz159370,创50ETF工银,159370.SZ
sz159369,创业板50ETF易方达,159369.SZ
sz159368,创业板新能源ETF华夏,159368.SZ
sz159367,创业板50ETF华夏,159367.SZ
sz159366,港股医疗ETF永赢,159366.SZ
sz159365,恒指港股通ETF富国,159365.SZ
sz159363,创业板人工智能ETF华宝,159363.SZ
sz159362,A500ETF工银,159362.SZ
sz159361,A500ETF易方达,159361.SZ
sz159360,中证A500ETF天弘,159360.SZ
sz159359,A500ETF华安,159359.SZ
sz159358,中证A500ETF大成,159358.SZ
sz159357,A500ETF博时,159357.SZ
sz159356,A500ETF万家,159356.SZ
sz159355,800红利低波ETF,159355.SZ
sz159353,中证A500ETF景顺,159353.SZ
sz159352,A500ETF南方,159352.SZ
sz159351,A500ETF嘉实,159351.SZ
sz159350,深证50ETF富国,159350.SZ
sz159339,A500ETF,159339.SZ
sz159338,中证A500ETF国泰,159338.SZ
sz159337,中证500ETF东财,159337.SZ
sz159336,央企红利ETF融通,159336.SZ
sz159335,央企科创ETF融通,159335.SZ
sz159333,港股央企红利ETF万家,159333.SZ
sz159332,央企红利ETF富国,159332.SZ
sz159331,红利港股ETF国泰,159331.SZ
sz159330,沪深300ETF东财,159330.SZ
sz159329,沙特ETF南方,159329.SZ
sz159328,家电ETF易方达,159328.SZ
sz159327,半导体设备ETF万家,159327.SZ
sz159326,电网设备ETF华夏,159326.SZ
sz159325,半导体ETF南方,159325.SZ
sz159323,港股通汽车ETF华夏,159323.SZ
sz159322,黄金股ETF平安,159322.SZ
sz159321,黄金股ETF华安,159321.SZ
sz159320,电网设备ETF广发,159320.SZ
sz159318,恒指港股通ETF银华,159318.SZ
sz159316,港股通创新药ETF易方达,159316.SZ
sz159315,黄金股ETF工银,159315.SZ
sz159312,恒指港股通ETF广发,159312.SZ
sz159311,数字经济ETF易方达,159311.SZ
sz159310,芯片ETF天弘,159310.SZ
sz159309,油气ETF汇添富,159309.SZ
sz159307,红利低波100ETF博时,159307.SZ
sz159306,汽车零部件ETF平安,159306.SZ
sz159305,储能电池ETF广发,159305.SZ
sz159303,恒生医疗ETF大成,159303.SZ
sz159302,港股高股息ETF,159302.SZ
sz159301,公用事业ETF华夏,159301.SZ
sz159300,沪深300ETF富国,159300.SZ
sz159299,金融科技ETF易方达,159299.SZ
sz159298,创业板50ETF大成,159298.SZ
sz159297,港股通创新药ETF南方,159297.SZ
sz159296,A500红利低波ETF,159296.SZ
sz159295,创业综指ETF西部利得,159295.SZ
sz159293,创业板综增强ETF建信,159293.SZ
sz159292,创业板综增强ETF华宝,159292.SZ
sz159291,创业板综增强ETF招商,159291.SZ
sz159290,创业板综指增强ETF东财,159290.SZ
sz159289,创业板综指ETF鹏华,159289.SZ
sz159288,创业板综ETF银华,159288.SZ
sz159287,创业板综ETF博时,159287.SZ
sz159286,港股通创新药ETF鹏华,159286.SZ
sz159285,港股通消费ETF华安,159285.SZ
sz159283,通用航空ETF南方,159283.SZ
sz159281,港股通央企红利ETF天弘,159281.SZ
sz159280,港股通互联网ETF汇添富,159280.SZ
sz159279,创业板人工智能ETF华安,159279.SZ
sz159278,机器人ETF鹏华,159278.SZ
sz159277,港股通红利ETF富国,159277.SZ
sz159276,现金流ETF汇添富,159276.SZ
sz159275,农牧渔ETF,159275.SZ
sz159273,云计算ETF汇添富,159273.SZ
sz159272,机器人ETF富国,159272.SZ
sz159271,恒生ETF鹏华,159271.SZ
sz159270,创业板200ETF南方,159270.SZ
sz159269,港股通科技ETF南方,159269.SZ
sz159268,港股通消费ETF汇添富,159268.SZ
sz159267,航天ETF华安,159267.SZ
sz159266,港股央企红利ETF永赢,159266.SZ
sz159265,港股消费ETF鹏华,159265.SZ
sz159263,价值ETF易方达,159263.SZ
sz159262,港股通科技ETF广发,159262.SZ
sz159261,创业板新能源ETF鹏华,159261.SZ
sz159260,证券ETF博时,159260.SZ
sz159259,成长ETF易方达,159259.SZ
sz159258,机器人ETF南方,159258.SZ
sz159257,航空ETF汇添富,159257.SZ
sz159256,创业板软件ETF华夏,159256.SZ
sz159255,通用航空ETF易方达,159255.SZ
sz159253,银行ETF博时,159253.SZ
sz159251,港股通科技ETF万家,159251.SZ
sz159249,A500增强ETF工银,159249.SZ
sz159248,人工智能ETF万家,159248.SZ
sz159247,创业板ETF汇添富,159247.SZ
sz159246,创业板人工智能ETF富国,159246.SZ
sz159245,港股通消费ETF富国,159245.SZ
sz159243,创业板人工智能ETF招商,159243.SZ
sz159242,创业板人工智能ETF大成,159242.SZ
sz159241,航空航天ETF天弘,159241.SZ
sz159240,中证A500增强ETF天弘,159240.SZ
sz159239,港股通汽车ETF富国,159239.SZ
sz159238,300ETF增强,159238.SZ
sz159237,港股汽车ETF工银,159237.SZ
sz159236,自由现金流ETF工银,159236.SZ
sz159235,中证现金流ETF大成,159235.SZ
sz159233,自由现金流ETF平安,159233.SZ
sz159232,自由现金流ETF南方,159232.SZ
sz159231,通用航空ETF华宝,159231.SZ
sz159230,通用航空ETF华夏,159230.SZ
sz159229,自由现金流ETF广发,159229.SZ
sz159228,红利低波ETF长城,159228.SZ
sz159227,航空航天ETF华夏,159227.SZ
sz159226,中证A500增强ETF国泰,159226.SZ
sz159225,现金流ETF基金,159225.SZ
sz159223,现金流ETF永赢,159223.SZ
sz159222,自由现金流ETF易方达,159222.SZ
sz159221,现金流ETF嘉实,159221.SZ
sz159220,港股通红利低波ETF华宝,159220.SZ
sz159219,深证100ETF融通,159219.SZ
sz159218,卫星ETF招商,159218.SZ
sz159217,港股通创新药ETF工银,159217.SZ
sz159216,深证100ETF大成,159216.SZ
sz159215,A500ETF平安,159215.SZ
sz159213,机器人ETF汇添富,159213.SZ
sz159212,深100ETF南方,159212.SZ
sz159211,深证100ETF富国,159211.SZ
sz159210,港股通汽车ETF汇添富,159210.SZ
sz159209,红利质量ETF招商,159209.SZ
sz159208,航空航天ETF万家,159208.SZ
sz159207,高股息ETF广发,159207.SZ
sz159206,卫星ETF永赢,159206.SZ
sz159205,创业板ETF东财,159205.SZ
sz159203,大盘成长ETF博时,159203.SZ
sz159202,恒生互联网ETF万家,159202.SZ
sz159201,自由现金流ETF华夏,159201.SZ
sz159200,科创债ETF富国,159200.SZ
sz159189,石油ETF华夏,159189.SZ
sz159181,石油ETF易方达,159181.SZ
sz159175,电池ETF易方达,159175.SZ
sz159172,养殖ETF汇添富,159172.SZ
sz159171,工业有色ETF博时,159171.SZ
sz159170,港股通互联网ETF永赢,159170.SZ
sz159169,恒生生物科技ETF广发,159169.SZ
sz159168,有色ETF富国,159168.SZ
sz159167,港股通医疗ETF工银,159167.SZ
sz159166,现金流ETF长城,159166.SZ
sz159165,养殖ETF永赢,159165.SZ
sz159163,有色ETF泰康,159163.SZ
sz159162,工业有色ETF鹏华,159162.SZ
sz159159,公用事业ETF国投瑞银,159159.SZ
sz159158,电力ETF景顺,159158.SZ
sz159157,有色金属ETF天弘,159157.SZ
sz159156,电池ETF万家,159156.SZ
sz159155,电池ETF大成,159155.SZ
sz159153,消费电子ETF鹏华,159153.SZ
sz159152,港股通科技ETF平安,159152.SZ
sz159151,食品ETF华夏,159151.SZ
sz159150,深证50ETF易方达,159150.SZ
sz159149,创业板新能源ETF工银,159149.SZ
sz159148,石油ETF富国,159148.SZ
sz159147,电池ETF南方,159147.SZ
sz159146,电力ETF华宝,159146.SZ
sz159145,工业软件ETF广发,159145.SZ
sz159143,港股通央企红利ETF平安,159143.SZ
sz159142,科创创业人工智能ETF景顺,159142.SZ
sz159141,科创创业人工智能ETF永赢,159141.SZ
sz159140,科创创业人工智能ETF易方达,159140.SZ
sz159139,科创创业人工智能ETF华泰柏瑞,159139.SZ
sz159138,工程机械ETF易方达,159138.SZ
sz159137,港股通医疗ETF华宝,159137.SZ
sz159136,A50ETF广发,159136.SZ
sz159135,港股通科技ETF前海开源,159135.SZ
sz159133,化工ETF天弘,159133.SZ
sz159132,恒生生物科技ETF富国,159132.SZ
sz159131,港股信息技术ETF,159131.SZ
sz159130,恒生生物科技ETF鹏华,159130.SZ
sz159129,化工ETF嘉实,159129.SZ
sz159128,港股科技ETF天弘,159128.SZ
sz159127,港股通红利ETF南方,159127.SZ
sz159126,港股通50ETF南方,159126.SZ
sz159125,港股通科技ETF招商,159125.SZ
sz159123,光伏ETF嘉实,159123.SZ
sz159122,创业板新能源ETF富国,159122.SZ
sz159121,港股通汽车ETF易方达,159121.SZ
sz159120,港股科技30ETF,159120.SZ
sz159119,800现金流ETF招商,159119.SZ
sz159118,港股通红利低波ETF华夏,159118.SZ
sz159117,港股通红利低波ETF,159117.SZ
sz159116,科创债ETF工银,159116.SZ
sz159115,科创债ETF华安,159115.SZ
sz159113,科创债ETF大成,159113.SZ
sz159112,科创债ETF银华,159112.SZ
sz159111,科创债ETF天弘,159111.SZ
sz159110,科创债ETF万家,159110.SZ
sz159109,恒生50ETF景顺,159109.SZ
sz159108,工业软件ETF博时,159108.SZ
sz159107,创业板软件ETF富国,159107.SZ
sz159106,民企300ETF前海开源,159106.SZ
sz159105,恒生生物科技ETF易方达,159105.SZ
sz159103,金融科技ETF汇添富,159103.SZ
sz159102,港股通生物科技ETF华安,159102.SZ
sz159101,港股通科技ETF华夏,159101.SZ
sz159100,巴西ETF华夏,159100.SZ
sz159005,汇添富快钱ETF,159005.SZ
sz159003,招商快线ETF,159003.SZ
sz159001,货币ETF易方达,159001.SZ
sh589990,科创综指ETF华泰柏瑞,589990.SS
sh589980,科创100ETF汇添富,589980.SS
sh589960,科创新能源ETF易方达,589960.SS
sh589950,科创100ETF富国,589950.SS
sh589900,科创综指ETF博时,589900.SS
sh589890,科创综指ETF景顺,589890.SS
sh589880,科创综指ETF建信,589880.SS
sh589860,科创综指ETF天弘,589860.SS
sh589850,科创50ETF东财,589850.SS
sh589820,科创200ETF建信,589820.SS
sh589800,科创综指ETF易方达,589800.SS
sh589780,科创200ETF富国,589780.SS
sh589770,科创综指ETF招商,589770.SS
sh589720,科创创新药ETF国泰,589720.SS
sh589700,科创成长ETF南方,589700.SS
sh589680,科创综指ETF鹏华,589680.SS
sh589660,科创综指ETF南方,589660.SS
sh589630,科创综指ETF国泰,589630.SS
sh589600,科创综指ETF富国,589600.SS
sh589580,科创综指ETF兴银,589580.SS
sh589560,科创人工智能ETF汇添富,589560.SS
sh589550,科创价值ETF华夏,589550.SS
sh589520,科创人工智能ETF华宝,589520.SS
sh589500,科创综指ETF工银,589500.SS
sh589380,科创AIETF富国,589380.SS
sh589300,科创综指ETF嘉实,589300.SS
sh589230,科创人工智能ETF南方,589230.SS
sh589220,科创200ETF国泰,589220.SS
sh589210,科创芯片设计ETF广发,589210.SS
sh589200,科创200ETF工银,589200.SS
sh589190,科创芯片ETF华宝,589190.SS
sh589180,科创新材料ETF汇添富,589180.SS
sh589170,科创芯片设计ETF鹏华,589170.SS
sh589160,科创芯片ETF广发,589160.SS
sh589150,科创50ETF平安,589150.SS
sh589130,科创芯片ETF易方达,589130.SS
sh589120,科创创新药ETF汇添富,589120.SS
sh589110,科创人工智能ETF国泰,589110.SS
sh589100,科创芯片ETF国泰,589100.SS
sh589090,科创AIETF鹏华,589090.SS
sh589080,科创综指ETF汇添富,589080.SS
sh589070,科创芯片设计ETF天弘,589070.SS
sh589060,科创综指ETF东财,589060.SS
sh589050,科创综指ETF兴业,589050.SS
sh589030,科创芯片设计ETF易方达,589030.SS
sh589020,科创半导体设备ETF鹏华,589020.SS
sh589010,科创人工智能ETF华夏,589010.SS
sh589000,科创综指ETF华夏,589000.SS
sh588990,科创芯片ETF博时,588990.SS
sh588980,科创100ETF广发,588980.SS
sh588960,科创新能源ETF富国,588960.SS
sh588950,科创50ETF景顺,588950.SS
sh588940,科创50ETF富国,588940.SS
sh588930,科创人工智能ETF银华,588930.SS
sh588920,科创芯片ETF鹏华,588920.SS
sh588910,科创价值ETF建信,588910.SS
sh588900,科创100ETF南方,588900.SS
sh588890,科创芯片ETF南方,588890.SS
sh588880,科创100ETF华泰柏瑞,588880.SS
sh588870,科创50ETF汇添富,588870.SS
sh588860,科创医药ETF工银,588860.SS
sh588850,科创机械ETF嘉实,588850.SS
sh588840,科创50ETF万家,588840.SS
sh588830,科创新能源ETF,588830.SS
sh588820,科创200ETF华夏,588820.SS
sh588810,科创芯片ETF富国,588810.SS
sh588800,科创100ETF华夏,588800.SS
sh588790,科创AIETF博时,588790.SS
sh588780,科创芯片设计ETF,588780.SS
sh588770,科创信息ETF摩根,588770.SS
sh588760,科创人工智能ETF广发,588760.SS
sh588750,科创芯片ETF汇添富,588750.SS
sh588730,科创人工智能ETF易方达,588730.SS
sh588720,科创50ETF中银,588720.SS
sh588710,科创半导体设备ETF华泰柏瑞,588710.SS
sh588700,科创医药ETF嘉实,588700.SS
sh588690,科创增强ETF银华,588690.SS
sh588680,科创100增强ETF广发,588680.SS
sh588670,科创综指增强ETF嘉实,588670.SS
sh588660,科创创业50ETF兴银,588660.SS
sh588550,科创综指增强ETF易方达,588550.SS
sh588520,科创增强ETF永赢,588520.SS
sh588500,科创100增强ETF易方达,588500.SS
sh588460,科创50增强ETF,588460.SS
sh588450,科创50增强ETF招商,588450.SS
sh588430,科创创业人工智能ETF工银,588430.SS
sh588420,科创创业人工智能ETF摩根,588420.SS
sh588410,科创创业人工智能ETF鹏华,588410.SS
sh588400,科创创业ETF嘉实,588400.SS
sh588390,科创创业ETF博时,588390.SS
sh588380,科创创业ETF富国,588380.SS
sh588370,科创50增强ETF南方,588370.SS
sh588360,科创创业ETF国泰,588360.SS
sh588350,科创创业50ETF鹏扬,588350.SS
sh588330,双创龙头ETF,588330.SS
sh588320,双创50增强ETF广发,588320.SS
sh588310,科创创业ETF方正富邦,588310.SS
sh588300,科创创业50ETF招商,588300.SS
sh588290,科创芯片ETF华安,588290.SS
sh588280,科创50ETF华安,588280.SS
sh588270,科创200ETF易方达,588270.SS
sh588260,科创信息ETF华安,588260.SS
sh588250,科创生物医药ETF,588250.SS
sh588240,科创200ETF鹏华,588240.SS
sh588230,科创200ETF华泰柏瑞,588230.SS
sh588220,科创100ETF鹏华,588220.SS
sh588210,科创100ETF易方达,588210.SS
sh588200,科创芯片ETF嘉实,588200.SS
sh588190,科创100ETF,588190.SS
sh588180,科创50ETF基金,588180.SS
sh588170,科创半导体ETF华夏,588170.SS
sh588160,科创新材料ETF南方,588160.SS
sh588150,科创50ETF南方,588150.SS
sh588140,科创200ETF广发,588140.SS
sh588130,科创医药ETF华夏,588130.SS
sh588120,科创100ETF国泰,588120.SS
sh588110,科创成长ETF广发,588110.SS
sh588100,科创信息ETF嘉实,588100.SS
sh588090,科创50ETF华泰柏瑞,588090.SS
sh588080,科创50ETF易方达,588080.SS
sh588070,科创成长ETF万家,588070.SS
sh588060,科创50ETF广发,588060.SS
sh588050,科创50ETF工银,588050.SS
sh588040,科创50ETF鹏华,588040.SS
sh588030,科创100ETF博时,588030.SS
sh588020,科创成长ETF易方达,588020.SS
sh588010,科创新材料ETF博时,588010.SS
sh588000,科创50ETF华夏,588000.SS
sh563990,800现金流ETF富国,563990.SS
sh563980,800红利低波ETF鑫元,563980.SS
sh563960,300质量ETF兴全,563960.SS
sh563930,上证增强ETF招商,563930.SS
sh563900,300自由现金流ETF摩根,563900.SS
sh563890,国企红利ETF创金合信,563890.SS
sh563880,A500ETF汇添富,563880.SS
sh563870,通用航空ETF鹏华,563870.SS
sh563860,中证A500ETF海富通,563860.SS
sh563850,食品ETF广发,563850.SS
sh563830,全指现金流ETF博时,563830.SS
sh563800,A500ETF广发,563800.SS
sh563790,卫星ETF鹏华,563790.SS
sh563780,现金流全指ETF方正富邦,563780.SS
sh563770,全指现金流ETF招商,563770.SS
sh563760,全指现金流ETF中银,563760.SS
sh563750,中证500ETF汇添富,563750.SS
sh563700,红利价值ETF易方达,563700.SS
sh563690,红利低波ETF永赢,563690.SS
sh563680,800现金流ETF汇添富,563680.SS
sh563670,金融科技ETF鹏华,563670.SS
sh563660,A500ETF银河,563660.SS
sh563650,中证A500ETF兴业,563650.SS
sh563630,A500增强ETF国联安,563630.SS
sh563620,全指现金流ETF兴业,563620.SS
sh563600,A500增强ETF易方达,563600.SS
sh563590,A500红利低波动ETF国寿,563590.SS
sh563580,自由现金流800ETF万家,563580.SS
sh563570,金融科技ETF兴业,563570.SS
sh563560,科技成长ETF兴业,563560.SS
sh563550,A500增强ETF摩根,563550.SS
sh563530,卫星ETF易方达,563530.SS
sh563520,沪深300ETF永赢,563520.SS
sh563510,A500红利低波ETF易方达,563510.SS
sh563500,A500ETF华宝,563500.SS
sh563390,全指现金流ETF华泰柏瑞,563390.SS
sh563380,航空航天ETF华泰柏瑞,563380.SS
sh563360,A500ETF华泰柏瑞,563360.SS
sh563350,A50ETF华泰柏瑞,563350.SS
sh563330,A股ETF华泰柏瑞,563330.SS
sh563320,通用航空ETF华泰柏瑞,563320.SS
sh563300,中证2000ETF华泰柏瑞,563300.SS
sh563280,A50增强ETF富国,563280.SS
sh563230,卫星ETF富国,563230.SS
sh563220,A500ETF富国,563220.SS
sh563210,专精特新ETF富国,563210.SS
sh563200,中证2000ETF富国,563200.SS
sh563180,高股息ETF,563180.SS
sh563150,油气ETF银华,563150.SS
sh563090,上证50增强ETF易方达,563090.SS
sh563080,中证A50ETF易方达,563080.SS
sh563060,央企50ETF易方达,563060.SS
sh563050,央企科技ETF易方达,563050.SS
sh563030,中证500增强ETF易方达,563030.SS
sh563020,红利低波ETF易方达,563020.SS
sh563010,电信ETF易方达,563010.SS
sh563000,中国A50ETF易方达,563000.SS
sh562990,碳中和ETF易方达,562990.SS
sh562970,光伏ETF易方达,562970.SS
sh562960,绿色电力ETF易方达,562960.SS
sh562950,消费电子ETF易方达,562950.SS
sh562930,软件ETF易方达,562930.SS
sh562920,信息安全ETF易方达,562920.SS
sh562910,高端制造ETF易方达,562910.SS
sh562900,农业ETF易方达,562900.SS
sh562890,A50ETF嘉实,562890.SS
sh562880,电池ETF嘉实,562880.SS
sh562870,证券ETF嘉实,562870.SS
sh562860,疫苗ETF嘉实,562860.SS
sh562850,央企能源ETF嘉实,562850.SS
sh562820,集成电路ETF嘉实,562820.SS
sh562810,上证指数增强ETF嘉实,562810.SS
sh562800,稀有金属ETF嘉实,562800.SS
sh562700,汽车零部件ETF华夏,562700.SS
sh562660,中证2000ETF华夏,562660.SS
sh562600,医疗器械ETF华夏,562600.SS
sh562590,半导体设备ETF华夏,562590.SS
sh562580,可选消费ETF华夏,562580.SS
sh562570,信创ETF华夏,562570.SS
sh562560,信息技术ETF华夏,562560.SS
sh562550,绿电ETF华夏,562550.SS
sh562530,中证1000价值ETF华夏,562530.SS
sh562520,中证1000成长ETF华夏,562520.SS
sh562510,旅游ETF华夏,562510.SS
sh562500,机器人ETF华夏,562500.SS
sh562390,中药ETF银华,562390.SS
sh562380,央企科技ETF银华,562380.SS
sh562360,机器人ETF银华,562360.SS
sh562350,电力ETF银华,562350.SS
sh562340,中证500成长ETF银华,562340.SS
sh562330,中证500价值ETF银华,562330.SS
sh562320,沪深300价值ETF银华,562320.SS
sh562310,沪深300成长ETF银华,562310.SS
sh562300,碳中和ETF银华,562300.SS
sh562080,300现金流ETF,562080.SS
sh562070,沪深300指增ETF,562070.SS
sh562060,标普A股红利ETF华宝,562060.SS
sh562050,药ETF,562050.SS
sh562030,信创ETF基金,562030.SS
sh562010,绿色能源ETF,562010.SS
sh562000,中证A100ETF基金,562000.SS
sh561990,沪深300增强ETF招商,561990.SS
sh561980,半导体设备ETF招商,561980.SS
sh561960,央企回报ETF招商,561960.SS
sh561950,中证500增强ETF招商,561950.SS
sh561930,沪深300ETF招商,561930.SS
sh561920,疫苗ETF招商,561920.SS
sh561910,电池ETF招商,561910.SS
sh561900,沪深300ESGETF招商,561900.SS
sh561880,A100ETF基金,561880.SS
sh561870,自由现金流ETF全指,561870.SS
sh561800,稀有金属ETF华富,561800.SS
sh561790,央企能源ETF博时,561790.SS
sh561780,1000增强ETF博时,561780.SS
sh561770,A100ETF博时,561770.SS
sh561760,油气ETF博时,561760.SS
sh561750,A50ETF博时,561750.SS
sh561700,电力ETF博时,561700.SS
sh561680,A500红利低波ETF平安,561680.SS
sh561660,通用航空ETF平安,561660.SS
sh561600,消费电子ETF平安,561600.SS
sh561590,中证1000增强ETF华泰柏瑞,561590.SS
sh561580,央企红利ETF华泰柏瑞,561580.SS
sh561570,油气ETF华泰柏瑞,561570.SS
sh561560,电力ETF华泰柏瑞,561560.SS
sh561550,中证500增强ETF华泰柏瑞,561550.SS
sh561510,中药ETF华泰柏瑞,561510.SS
sh561500,漂亮50ETF华泰柏瑞,561500.SS
sh561380,电网设备ETF国泰,561380.SS
sh561370,中证2000ETF国泰,561370.SS
sh561360,石油ETF国泰,561360.SS
sh561350,中证500ETF国泰,561350.SS
sh561330,矿业ETF国泰,561330.SS
sh561320,交运ETF国泰,561320.SS
sh561310,消电ETF国泰,561310.SS
sh561300,沪深300增强ETF国泰,561300.SS
sh561280,中证1000增强ETF工银,561280.SS
sh561260,能源ETF工银,561260.SS
sh561230,中证A50ETF工银,561230.SS
sh561220,数字经济ETF工银,561220.SS
sh561200,中证A100ETF工银,561200.SS
sh561190,碳中和ETF富国,561190.SS
sh561180,A100ETF富国,561180.SS
sh561170,绿色电力ETF富国,561170.SS
sh561160,电池ETF富国,561160.SS
sh561130,国货ETF富国,561130.SS
sh561120,家电ETF富国,561120.SS
sh561100,消费电子ETF富国,561100.SS
sh561090,A500增强ETF华安,561090.SS
sh561080,全指现金流ETF华安,561080.SS
sh561060,国企红利ETF华安,561060.SS
sh561010,软件ETF华安,561010.SS
sh561000,沪深300增强ETF华安,561000.SS
sh560990,科技先锋ETF中金,560990.SS
sh560980,光伏龙头ETF广发,560980.SS
sh560950,中证500增强ETF汇添富,560950.SS
sh560900,创新药ETF摩根,560900.SS
sh560890,红利低波ETF新华,560890.SS
sh560880,家电ETF广发,560880.SS
sh560860,工业有色ETF万家,560860.SS
sh560850,信创ETF汇添富,560850.SS
sh560820,中证A50ETF新华,560820.SS
sh560810,央企ESGETF融通,560810.SS
sh560800,数字经济ETF鹏扬,560800.SS
sh560780,半导体设备ETF广发,560780.SS
sh560770,机器人ETF招商,560770.SS
sh560750,A500ETF申万菱信,560750.SS
sh560710,船舶ETF富国,560710.SS
sh560700,央企红利ETF广发,560700.SS
sh560690,电信ETF鹏华,560690.SS
sh560680,消费ETF广发,560680.SS
sh560660,云计算50ETF新华,560660.SS
sh560650,核心50ETF民生加银,560650.SS
sh560630,机器人ETF万家,560630.SS
sh560620,公用事业ETF万家,560620.SS
sh560610,A500ETF招商,560610.SS
sh560590,中证1000增强ETF鹏华,560590.SS
sh560580,电力ETF南方,560580.SS
sh560570,A500红利ETF,560570.SS
sh560560,碳中和ETF泰康,560560.SS
sh560550,碳中和ETF广发,560550.SS
sh560530,中证A500ETF摩根,560530.SS
sh560520,红利低波100ETF大成,560520.SS
sh560510,中证A500ETF泰康,560510.SS
sh560500,500质量成长ETF鹏扬,560500.SS
sh560400,证券ETF华泰柏瑞,560400.SS
sh560390,电网设备ETF易方达,560390.SS
sh560380,A100ETF南方,560380.SS
sh560370,红利质量ETF易方达,560370.SS
sh560360,软件ETF万家,560360.SS
sh560350,中证A50ETF摩根,560350.SS
sh560330,沪深300价值ETF申万菱信,560330.SS
sh560310,光伏ETF博时,560310.SS
sh560300,电信ETF汇添富,560300.SS
sh560290,有色ETF景顺,560290.SS
sh560280,工程机械ETF广发,560280.SS
sh560270,电力ETF工银,560270.SS
sh560260,医疗ETF广发,560260.SS
sh560230,光伏ETF富国,560230.SS
sh560220,中证2000ETF广发,560220.SS
sh560210,农牧渔ETF景顺,560210.SS
sh560190,公用事业ETF,560190.SS
sh560180,沪深300ESGETF南方,560180.SS
sh560170,央企科技ETF南方,560170.SS
sh560160,食品ETF易方达,560160.SS
sh560150,红利低波ETF泰康,560150.SS
sh560130,食品ETF鹏华,560130.SS
sh560120,中证500现金流ETF华夏,560120.SS
sh560110,中证1000ETF汇添富,560110.SS
sh560100,中证500增强ETF南方,560100.SS
sh560090,证券ETF汇添富,560090.SS
sh560080,中药ETF,560080.SS
sh560070,央企红利ETF汇添富,560070.SS
sh560060,碳中和ETF汇添富,560060.SS
sh560050,中国A50ETF汇添富,560050.SS
sh560030,800价值ETF汇添富,560030.SS
sh560020,红利ETF汇添富,560020.SS
sh560010,中证1000ETF广发,560010.SS
sh560000,智能电车ETF浦银,560000.SS
sh551900,科创债ETF招商,551900.SS
sh551800,科创债ETF国泰,551800.SS
sh551580,科创债ETF泰康,551580.SS
sh551560,科创债ETF兴业,551560.SS
sh551550,科创债ETF华夏,551550.SS
sh551520,科创债ETF汇添富,551520.SS
sh551510,科创债ETF华泰柏瑞,551510.SS
sh551500,科创债ETF易方达,551500.SS
sh551300,科创债ETF摩根,551300.SS
sh551060,科创债ETF中银,551060.SS
sh551030,科创债ETF鹏华,551030.SS
sh551000,科创债ETF博时,551000.SS
sh530880,红利国企ETF银河,530880.SS
sh530800,上证180ETF银华,530800.SS
sh530680,上证180ETF兴业,530680.SS
sh530580,上证180ETF南方,530580.SS
sh530530,上证580ETF华夏,530530.SS
sh530380,上证380ETF易方达,530380.SS
sh530300,上证180ETF华泰柏瑞,530300.SS
sh530280,上证180ETF平安,530280.SS
sh530180,上证180ETF易方达,530180.SS
sh530100,上证580ETF易方达,530100.SS
sh530080,上证180ETF天弘,530080.SS
sh530060,上证指数ETF易方达,530060.SS
sh530050,上证50ETF东财,530050.SS
sh530000,上证50ETF天弘,530000.SS
sh520990,港股央企红利ETF景顺,520990.SS
sh520980,港股通科技ETF汇添富,520980.SS
sh520970,港股通创新药ETF嘉实,520970.SS
sh520960,恒指港股通ETF嘉实,520960.SS
sh520950,港股通50ETF摩根,520950.SS
sh520940,港股通恒生ETF华安,520940.SS
sh520930,恒生生物科技ETF国泰,520930.SS
sh520920,恒生科技ETF天弘,520920.SS
sh520910,港股通互联网ETF华夏,520910.SS
sh520900,港股通红利ETF广发,520900.SS
sh520890,港股通红利低波ETF华泰柏瑞,520890.SS
sh520880,港股通创新药ETF,520880.SS
sh520870,巴西ETF易方达,520870.SS
sh520860,港股通科技ETF富国,520860.SS
sh520850,港股通医疗ETF易方达,520850.SS
sh520840,港股通恒生科技ETF华安,520840.SS
sh520830,沙特ETF华泰柏瑞,520830.SS
sh520820,恒生港股通ETF汇添富,520820.SS
sh520810,港股通红利ETF易方达,520810.SS
sh520780,港股通汽车ETF华宝,520780.SS
sh520770,恒指港股通ETF建信,520770.SS
sh520760,恒生生物科技ETF摩根,520760.SS
sh520720,港股汽车ETF国泰,520720.SS
sh520700,港股通创新药ETF万家,520700.SS
sh520690,港股创新药ETF博时,520690.SS
sh520670,港股通科技ETF嘉实,520670.SS
sh520660,港股通央企红利ETF南方,520660.SS
sh520650,港股通互联网ETF南方,520650.SS
sh520630,港股通互联网ETF广发,520630.SS
sh520620,恒生消费ETF嘉实,520620.SS
sh520610,港股红利低波ETF银华,520610.SS
sh520600,港股通汽车ETF广发,520600.SS
sh520590,恒生科技ETF鹏华,520590.SS
sh520580,新兴亚洲ETF招商,520580.SS
sh520570,恒生科技ETF南方,520570.SS
sh520560,香港大盘30ETF,520560.SS
sh520550,港股红利低波ETF招商,520550.SS
sh520530,港股通科技ETF东财,520530.SS
sh520520,恒生消费ETF华泰柏瑞,520520.SS
sh520510,港股通医疗ETF华夏,520510.SS
sh520500,恒生创新药ETF华泰柏瑞,520500.SS
sh518890,上海金ETF中银,518890.SS
sh518880,黄金ETF华安,518880.SS
sh518860,上海金ETF建信,518860.SS
sh518850,黄金ETF华夏,518850.SS
sh518800,黄金ETF国泰,518800.SS
sh518680,金ETF富国,518680.SS
sh518660,黄金ETF工银,518660.SS
sh518600,金ETF广发,518600.SS
sh517990,沪港深医药ETF招商,517990.SS
sh517950,沪深港科技50ETF交银,517950.SS
sh517900,银行AH优选ETF招商,517900.SS
sh517880,品牌消费ETF华泰柏瑞,517880.SS
sh517850,张江ETF汇添富,517850.SS
sh517800,人工智能50ETF方正富邦,517800.SS
sh517770,游戏传媒ETF浦银,517770.SS
sh517660,物联网ETF天弘,517660.SS
sh517550,沪港深消费龙头ETF招商,517550.SS
sh517520,黄金股ETF永赢,517520.SS
sh517400,黄金股ETF国泰,517400.SS
sh517390,云计算ETF天弘,517390.SS
sh517380,创新药ETF天弘,517380.SS
sh517360,沪港深科技ETF华安,517360.SS
sh517350,沪港深科技ETF广发,517350.SS
sh517330,长江保护ETF易方达,517330.SS
sh517300,沪港深300ETF国寿,517300.SS
sh517200,互联网ETF嘉实,517200.SS
sh517180,中国国企ETF南方,517180.SS
sh517170,沪港深500ETF华夏,517170.SS
sh517160,长江保护ETF南方,517160.SS
sh517120,创新药ETF华泰柏瑞,517120.SS
sh517110,创新药ETF国泰,517110.SS
sh517100,沪港深500ETF富国,517100.SS
sh517090,央企共赢ETF国泰,517090.SS
sh517080,沪港深500ETF汇添富,517080.SS
sh517050,互联网ETF华泰柏瑞,517050.SS
sh517030,沪港深300ETF易方达,517030.SS
sh517010,沪港深500ETF易方达,517010.SS
sh517000,沪港深500ETF,517000.SS
sh516980,证券ETF先锋,516980.SS
sh516970,基建ETF广发,516970.SS
sh516960,机械ETF国泰,516960.SS
sh516950,基建ETF银华,516950.SS
sh516930,生物科技ETF民生加银,516930.SS
sh516920,芯片ETF汇添富,516920.SS
sh516910,物流ETF富国,516910.SS
sh516900,食品饮料ETF华安,516900.SS
sh516890,新材料ETF平安,516890.SS
sh516880,光伏ETF银华,516880.SS
sh516860,金融科技ETF博时,516860.SS
sh516850,新能源ETF华夏,516850.SS
sh516830,沪深300ESGETF富国,516830.SS
sh516820,医疗创新ETF平安,516820.SS
sh516810,农业ETF华夏,516810.SS
sh516800,智能制造ETF,516800.SS
sh516790,医疗ETF华泰柏瑞,516790.SS
sh516780,稀土ETF华泰柏瑞,516780.SS
sh516770,游戏ETF华泰柏瑞,516770.SS
sh516760,养殖ETF平安,516760.SS
sh516750,建材ETF富国,516750.SS
sh516730,证券ETF浦银,516730.SS
sh516720,ESGETF浦银,516720.SS
sh516710,新材料ETF华夏,516710.SS
sh516700,大数据产业ETF,516700.SS
sh516670,畜牧养殖ETF招商,516670.SS
sh516660,新能源车ETF华安,516660.SS
sh516650,有色金属ETF华夏,516650.SS
sh516640,芯片ETF富国,516640.SS
sh516630,云计算ETF华夏,516630.SS
sh516620,影视ETF国泰,516620.SS
sh516610,医疗设备ETF大成,516610.SS
sh516600,消费服务ETF工银,516600.SS
sh516590,智能汽车ETF易方达,516590.SS
sh516580,新能源ETF博时,516580.SS
sh516570,化工行业ETF易方达,516570.SS
sh516560,养老ETF,516560.SS
sh516550,农业ETF嘉实,516550.SS
sh516530,物流ETF银华,516530.SS
sh516520,智能驾驶ETF华泰柏瑞,516520.SS
sh516510,云计算ETF易方达,516510.SS
sh516500,生物科技ETF华夏,516500.SS
sh516460,现金流ETF800鹏华,516460.SS
sh516390,新能源车ETF汇添富,516390.SS
sh516380,智能电动车ETF,516380.SS
sh516360,新材料ETF,516360.SS
sh516350,芯片ETF易方达,516350.SS
sh516330,物联网ETF华泰柏瑞,516330.SS
sh516320,高端装备ETF华夏,516320.SS
sh516310,银行ETF易方达,516310.SS
sh516300,中证1000ETF华泰柏瑞,516300.SS
sh516290,光伏ETF汇添富,516290.SS
sh516270,新能源ETF华安,516270.SS
sh516260,物联网ETF华夏,516260.SS
sh516250,工程机械ETF富国,516250.SS
sh516230,光伏ETF招商,516230.SS
sh516220,化工ETF国泰,516220.SS
sh516210,银行ETF华安,516210.SS
sh516200,证券ETF华安,516200.SS
sh516190,传媒ETF华夏,516190.SS
sh516180,光伏ETF平安,516180.SS
sh516160,新能源ETF南方,516160.SS
sh516150,稀土ETF嘉实,516150.SS
sh516130,消费龙头ETF,516130.SS
sh516120,化工ETF富国,516120.SS
sh516110,汽车ETF国泰,516110.SS
sh516100,金融科技ETF华夏,516100.SS
sh516090,新能源ETF易方达,516090.SS
sh516080,创新药ETF易方达,516080.SS
sh516070,低碳ETF易方达,516070.SS
sh516060,创新药ETF工银,516060.SS
sh516050,科技龙头ETF工银,516050.SS
sh516020,化工ETF,516020.SS
sh516010,游戏ETF国泰,516010.SS
sh516000,大数据ETF华夏,516000.SS
sh515990,一带一路ETF汇添富,515990.SS
sh515980,人工智能ETF,515980.SS
sh515970,工程机械ETF华夏,515970.SS
sh515960,医药ETF嘉实,515960.SS
sh515950,医药50ETF富国,515950.SS
sh515920,智能消费ETF博时,515920.SS
sh515910,质量ETF中金,515910.SS
sh515900,央企创新ETF博时,515900.SS
sh515890,红利ETF博时,515890.SS
sh515880,通信ETF国泰,515880.SS
sh515860,科技ETF嘉实,515860.SS
sh515850,证券ETF富国,515850.SS
sh515810,中证800ETF易方达,515810.SS
sh515800,800ETF,515800.SS
sh515790,光伏ETF华泰柏瑞,515790.SS
sh515770,MSCI中国A股ETF摩根,515770.SS
sh515760,浙江国资ETF华夏,515760.SS
sh515750,科技50ETF富国,515750.SS
sh515730,家居家电ETF永赢,515730.SS
sh515720,金融科技ETF富国,515720.SS
sh515710,食品饮料ETF华宝,515710.SS
sh515700,新能源车ETF平安,515700.SS
sh515680,央企创新ETF嘉实,515680.SS
sh515660,沪深300ETF国联安,515660.SS
sh515650,消费50ETF富国,515650.SS
sh515630,证券保险ETF鹏华,515630.SS
sh515600,央企创新ETF广发,515600.SS
sh515590,500等权ETF,515590.SS
sh515580,科技100ETF华泰柏瑞,515580.SS
sh515560,证券ETF建信,515560.SS
sh515550,中证500ETF国联,515550.SS
sh515530,中证500ETF泰康,515530.SS
sh515460,红利质量ETF南方,515460.SS
sh515450,红利低波50ETF南方,515450.SS
sh515400,大数据ETF富国,515400.SS
sh515390,沪深300ETF华安,515390.SS
sh515380,沪深300ETF泰康,515380.SS
sh515370,光伏ETF华夏,515370.SS
sh515360,沪深300ETF方正富邦,515360.SS
sh515350,沪深300ETF民生加银,515350.SS
sh515330,沪深300ETF天弘,515330.SS
sh515320,电子50ETF华安,515320.SS
sh515310,沪深300ETF汇添富,515310.SS
sh515300,300红利低波ETF嘉实,515300.SS
sh515290,银行ETF天弘,515290.SS
sh515260,电子ETF,515260.SS
sh515250,智能汽车ETF富国,515250.SS
sh515230,软件ETF国泰,515230.SS
sh515220,煤炭ETF国泰,515220.SS
sh515210,钢铁ETF国泰,515210.SS
sh515200,创新100ETF申万菱信,515200.SS
sh515190,中证500ETF中银证券,515190.SS
sh515180,红利ETF易方达,515180.SS
sh515170,食品饮料ETF华夏,515170.SS
sh515160,MSCI中国ETF招商,515160.SS
sh515150,一带一路ETF富国,515150.SS
sh515130,沪深300ETF博时,515130.SS
sh515120,创新药ETF广发,515120.SS
sh515110,一带一路ETF易方达,515110.SS
sh515100,红利低波100ETF,515100.SS
sh515090,可持续发展ETF博时,515090.SS
sh515080,中证红利ETF,515080.SS
sh515070,人工智能ETF华夏,515070.SS
sh515060,房地产ETF华夏,515060.SS
sh515050,通信ETF华夏,515050.SS
sh515030,新能源车ETF华夏,515030.SS
sh515020,银行ETF华夏,515020.SS
sh515010,证券ETF华夏,515010.SS
sh515000,科技ETF,515000.SS
sh513990,港股通ETF招商,513990.SS
sh513980,港股科技ETF景顺,513980.SS
sh513970,恒生消费ETF景顺,513970.SS
sh513950,恒生红利ETF富国,513950.SS
sh513930,恒生生物科技ETF华泰柏瑞,513930.SS
sh513920,港股通央企红利ETF华安,513920.SS
sh513910,港股通央企红利ETF华夏,513910.SS
sh513900,港股通100ETF华安,513900.SS
sh513890,恒生科技ETF摩根,513890.SS
sh513880,日经225ETF华安,513880.SS
sh513870,纳指ETF富国,513870.SS
sh513860,港股通科技ETF海富通,513860.SS
sh513850,美国50ETF易方达,513850.SS
sh513830,港股通高股息ETF嘉实,513830.SS
sh513820,港股通红利ETF汇添富,513820.SS
sh513810,港股国企ETF华夏,513810.SS
sh513800,日本东证指数ETF南方,513800.SS
sh513780,港股创新药ETF景顺,513780.SS
sh513770,港股互联网ETF,513770.SS
sh513750,港股通非银ETF广发,513750.SS
sh513730,东南亚科技ETF华泰柏瑞,513730.SS
sh513720,港股互联网ETF国泰,513720.SS
sh513700,港股通医药ETF鹏华,513700.SS
sh513690,港股红利ETF博时,513690.SS
sh513660,恒生ETF华夏,513660.SS
sh513650,标普500ETF南方,513650.SS
sh513630,港股低波红利ETF摩根,513630.SS
sh513600,恒生指数ETF南方,513600.SS
sh513590,港股通消费ETF鹏华,513590.SS
sh513580,恒生科技ETF华安,513580.SS
sh513560,香港科技ETF兴银,513560.SS
sh513550,港股通50ETF华泰柏瑞,513550.SS
sh513530,港股通红利ETF华泰柏瑞,513530.SS
sh513520,日经ETF华夏,513520.SS
sh513500,标普500ETF博时,513500.SS
sh513400,道琼斯ETF,513400.SS
sh513390,纳指100ETF博时,513390.SS
sh513380,恒生科技ETF广发,513380.SS
sh513360,教育ETF博时,513360.SS
sh513350,标普油气ETF富国,513350.SS
sh513330,恒生互联网ETF华夏,513330.SS
sh513320,港股通新经济ETF易方达,513320.SS
sh513310,中韩半导体ETF华泰柏瑞,513310.SS
sh513300,纳斯达克ETF华夏,513300.SS
sh513290,纳指生物科技ETF汇添富,513290.SS
sh513280,恒生生物科技ETF汇添富,513280.SS
sh513260,恒生科技ETF汇添富,513260.SS
sh513230,港股通消费ETF华夏,513230.SS
sh513220,中概互联ETF招商,513220.SS
sh513210,恒生ETF易方达,513210.SS
sh513200,港股通医药ETF易方达,513200.SS
sh513190,港股通金融ETF华夏,513190.SS
sh513180,恒生科技ETF华夏,513180.SS
sh513170,恒生央企ETF,513170.SS
sh513160,港股科技ETF银华,513160.SS
sh513150,港股通科技ETF华泰柏瑞,513150.SS
sh513140,港股通金融ETF华泰柏瑞,513140.SS
sh513130,恒生科技ETF华泰柏瑞,513130.SS
sh513120,港股创新药ETF广发,513120.SS
sh513110,纳指ETF华泰柏瑞,513110.SS
sh513100,纳指ETF国泰,513100.SS
sh513090,香港证券ETF易方达,513090.SS
sh513080,法国ETF华安,513080.SS
sh513070,港股通消费ETF易方达,513070.SS
sh513060,恒生医疗ETF博时,513060.SS
sh513050,中概互联网ETF易方达,513050.SS
sh513040,港股通互联网ETF易方达,513040.SS
sh513030,德国ETF华安,513030.SS
sh513020,港股科技ETF国泰,513020.SS
sh513010,恒生科技ETF易方达,513010.SS
sh513000,日经225ETF易方达,513000.SS
sh512990,MSCIA股ETF华夏,512990.SS
sh512980,传媒ETF广发,512980.SS
sh512970,大湾区ETF平安,512970.SS
sh512960,央企结构调整ETF博时,512960.SS
sh512950,央企改革ETF华夏,512950.SS
sh512940,有色ETF华安,512940.SS
sh512930,AI人工智能ETF平安,512930.SS
sh512910,A100ETF广发,512910.SS
sh512900,证券ETF南方,512900.SS
sh512890,红利低波ETF华泰柏瑞,512890.SS
sh512880,证券ETF国泰,512880.SS
sh512870,杭州湾区ETF南华,512870.SS
sh512820,银行ETF汇添富,512820.SS
sh512810,军工ETF华宝,512810.SS
sh512800,银行ETF,512800.SS
sh512770,战略新兴ETF华夏,512770.SS
sh512760,芯片ETF国泰,512760.SS
sh512750,基本面50ETF嘉实,512750.SS
sh512730,银行ETF鹏华,512730.SS
sh512720,计算机ETF国泰,512720.SS
sh512710,军工龙头ETF富国,512710.SS
sh512700,银行ETF南方,512700.SS
sh512690,酒ETF,512690.SS
sh512680,军工ETF广发,512680.SS
sh512670,国防ETF,512670.SS
sh512660,军工ETF国泰,512660.SS
sh512650,长三角ETF汇添富,512650.SS
sh512640,金融地产ETF嘉实,512640.SS
sh512630,卫星ETF广发,512630.SS
sh512620,农业ETF天弘,512620.SS
sh512600,消费ETF嘉实,512600.SS
sh512580,环保ETF广发,512580.SS
sh512570,证券ETF易方达,512570.SS
sh512560,军工ETF易方达,512560.SS
sh512550,富时A50ETF嘉实,512550.SS
sh512530,沪深300红利ETF建信,512530.SS
sh512520,MSCI中国ETF华泰柏瑞,512520.SS
sh512510,中证500ETF华泰柏瑞,512510.SS
sh512500,中证500ETF华夏,512500.SS
sh512480,半导体ETF,512480.SS
sh512460,电池ETF华夏,512460.SS
sh512400,有色金属ETF南方,512400.SS
sh512390,中国低波ETF平安,512390.SS
sh512380,MSCI中国ETF银华,512380.SS
sh512370,A500增强ETF华夏,512370.SS
sh512360,MSCIA股ETF平安,512360.SS
sh512330,信息科技ETF南方,512330.SS
sh512290,生物医药ETF国泰,512290.SS
sh512260,中证500低波动ETF华安,512260.SS
sh512250,A50ETF招商,512250.SS
sh512240,A50ETF鹏华,512240.SS
sh512220,TMTETF,512220.SS
sh512200,房地产ETF南方,512200.SS
sh512190,浙商之江凤凰ETF,512190.SS
sh512180,MSCIA股ETF建信,512180.SS
sh512170,医疗ETF,512170.SS
sh512160,MSCI中国A股ETF南方,512160.SS
sh512150,富时A50ETF汇安,512150.SS
sh512130,全指现金流ETF鹏华,512130.SS
sh512120,医药ETF华安,512120.SS
sh512100,中证1000ETF南方,512100.SS
sh512090,MSCIA股ETF易方达,512090.SS
sh512080,A500ETF中金,512080.SS
sh512070,证券保险ETF易方达,512070.SS
sh512060,中证A100ETF天弘,512060.SS
sh512050,A500ETF华夏,512050.SS
sh512040,价值100ETF富国,512040.SS
sh512030,中证A50增强ETF易方达,512030.SS
sh512020,A500ETF鹏华,512020.SS
sh512010,医药ETF易方达,512010.SS
sh512000,券商ETF,512000.SS
sh511990,华宝添益ETF,511990.SS
sh511980,现金添富ETF,511980.SS
sh511970,国寿货币ETF,511970.SS
sh511960,货币ETF嘉实,511960.SS
sh511950,添利货币ETF,511950.SS
sh511930,货币ETF国联,511930.SS
sh511920,广发货币ETF,511920.SS
sh511910,融通货币ETF,511910.SS
sh511900,富国货币ETF,511900.SS
sh511880,银华日利ETF,511880.SS
sh511860,货币ETF博时,511860.SS
sh511850,招商财富宝ETF,511850.SS
sh511830,货币ETF华泰柏瑞,511830.SS
sh511820,鹏华添利ETF,511820.SS
sh511810,货币ETF南方,511810.SS
sh511800,易方达货币ETF,511800.SS
sh511770,金鹰增益货币ETF,511770.SS
sh511700,货币ETF平安,511700.SS
sh511690,交易货币ETF大成,511690.SS
sh511670,华泰天天金ETF,511670.SS
sh511660,货币ETF建信,511660.SS
sh511650,货币ETF华夏,511650.SS
sh511620,货币ETF国泰,511620.SS
sh511600,华安日日鑫ETF,511600.SS
sh511580,国债政金债ETF招商,511580.SS
sh511520,政金债ETF富国,511520.SS
sh511380,可转债ETF博时,511380.SS
sh511360,短融ETF海富通,511360.SS
sh511270,10年地方债ETF海富通,511270.SS
sh511260,十年国债ETF国泰,511260.SS
sh511220,城投债ETF海富通,511220.SS
sh511200,信用债ETF华夏,511200.SS
sh511190,信用债ETF海富通,511190.SS
sh511180,可转债ETF海富通,511180.SS
sh511160,国债ETF东财,511160.SS
sh511150,科创债ETF永赢,511150.SS
sh511130,30年国债ETF博时,511130.SS
sh511120,科创债ETF广发,511120.SS
sh511110,公司债ETF易方达,511110.SS
sh511100,国债ETF华夏,511100.SS
sh511090,30年国债ETF鹏扬,511090.SS
sh511070,公司债ETF南方,511070.SS
sh511060,5年地方债ETF海富通,511060.SS
sh511030,公司债ETF平安,511030.SS
sh511020,国债ETF平安,511020.SS
sh511010,国债ETF国泰,511010.SS
sh510990,180ESGETF工银,510990.SS
sh510980,上证指数ETF汇添富,510980.SS
sh510950,上证50ETF广发,510950.SS
sh510900,恒生中国企业ETF易方达,510900.SS
sh510880,红利ETF华泰柏瑞,510880.SS
sh510850,上证50ETF工银,510850.SS
sh510810,上海国企ETF汇添富,510810.SS
sh510800,上证50ETF建信,510800.SS
sh510770,G60创新ETF申万菱信,510770.SS
sh510760,上证指数ETF国泰,510760.SS
sh510720,红利国企ETF国泰,510720.SS
sh510710,上证50ETF博时,510710.SS
sh510680,上证50ETF万家,510680.SS
sh510670,上证180ETF华夏,510670.SS
sh510660,医药ETF华夏,510660.SS
sh510650,金融地产ETF华夏,510650.SS
sh510630,消费ETF华夏,510630.SS
sh510600,上证50ETF申万菱信,510600.SS
sh510590,中证500ETF平安,510590.SS
sh510580,中证500ETF易方达,510580.SS
sh510570,中证500ETF兴业,510570.SS
sh510560,中证500ETF国寿,510560.SS
sh510550,中证500ETF方正富邦,510550.SS
sh510530,中证500ETF工银,510530.SS
sh510510,中证500ETF广发,510510.SS
sh510500,中证500ETF南方,510500.SS
sh510410,资源ETF博时,510410.SS
sh510390,沪深300ETF平安,510390.SS
sh510380,沪深300ETF国寿,510380.SS
sh510370,沪深300ETF兴业,510370.SS
sh510360,沪深300ETF广发,510360.SS
sh510350,沪深300ETF工银,510350.SS
sh510330,沪深300ETF华夏,510330.SS
sh510320,沪深300ETF中金,510320.SS
sh510310,沪深300ETF易方达,510310.SS
sh510300,沪深300ETF华泰柏瑞,510300.SS
sh510290,上证380ETF南方,510290.SS
sh510270,国企ETF中银,510270.SS
sh510230,金融ETF国泰,510230.SS
sh510210,上证指数ETF富国,510210.SS
sh510200,上证券商ETF汇安,510200.SS
sh510190,上证50ETF华安,510190.SS
sh510180,上证180ETF华安,510180.SS
sh510170,大宗商品ETF,510170.SS
sh510160,产业升级ETF南方,510160.SS
sh510150,消费ETF招商,510150.SS
sh510130,上证中盘ETF易方达,510130.SS
sh510100,上证50ETF易方达,510100.SS
sh510090,责任ETF建信,510090.SS
sh510060,央企ETF工银,510060.SS
sh510050,上证50ETF华夏,510050.SS
sh510040,上证180ETF鹏华,510040.SS
sh510030,价值ETF,510030.SS
sh510020,超大盘ETF博时,510020.SS
sh510010,180治理ETF交银,510010.SS
